{
  "id" : "faa90347-bede-4098-a19b-1861de5ba167",
  "name" : "EngageKeycloakClientProvisioning",
  "createdOn" : "2026-01-21T00:02:09.085",
  "modifiedOn" : "2026-01-21T18:26:17.297",
  "createdBy" : "fbe89da3-e0bb-4982-bd59-d46f52883257",
  "modifiedBy" : "fbe89da3-e0bb-4982-bd59-d46f52883257",
  "projectDescription" : "Keycloak Client Provisioning for Engage self onboarding of OAuth 2.0 API",
  "active" : false,
  "tag" : "V3",
  "comment" : "Finalized enhancements (error checking and exception handling and general cleanup)",
  "baseTag" : "V2",
  "modeId" : "112c1cb8-4b9e-4d1a-a042-0bd031dc7d05",
  "deployedOn" : null,
  "details" : null,
  "projectType" : "Fusion"
}