{
  "document_type_id" : "287b6d4a-47f6-4479-ada5-2fc45f4184f3",
  "name" : "DCR_Ouptut",
  "description" : "Pertinent output of the DCR creation response",
  "version" : null,
  "business_document_type_id" : null,
  "document_format_id" : "edc154a0-55fc-11e9-8647-d663bd873d93",
  "root_tag" : null,
  "structure" : {
    "type" : "jsonb",
    "value" : "[{\"key\": \"/client_id\", \"type\": \"string\", \"order\": 1.0, \"title\": \"client_id\", \"value\": {\"type\": \"string\", \"requiredFlag\": false}, \"isLeaf\": true, \"childrenSet\": false, \"hasChildren\": false, \"dataElementType\": \"string\", \"encryption_required\": false}, {\"key\": \"/client_secret\", \"type\": \"string\", \"order\": 2.0, \"title\": \"client_secret\", \"value\": {\"type\": \"string\", \"requiredFlag\": false}, \"isLeaf\": true, \"childrenSet\": false, \"hasChildren\": false, \"dataElementType\": \"string\", \"encryption_required\": false}, {\"key\": \"/client_id_issued_at\", \"type\": \"string\", \"order\": 3.0, \"title\": \"client_id_issued_at\", \"value\": {\"type\": \"string\", \"requiredFlag\": false}, \"isLeaf\": true, \"childrenSet\": false, \"hasChildren\": false, \"dataElementType\": \"string\", \"encryption_required\": false}, {\"key\": \"/client_secret_expires_at\", \"type\": \"string\", \"order\": 4.0, \"title\": \"client_secret_expires_at\", \"value\": {\"type\": \"string\", \"requiredFlag\": false}, \"isLeaf\": true, \"childrenSet\": false, \"hasChildren\": false, \"dataElementType\": \"string\", \"encryption_required\": false}]",
    "null" : false
  },
  "key_fields" : null,
  "schema" : {
    "type" : "json",
    "value" : "{\"$id\":\"DCR_Ouptut\",\"$schema\":\"http://json-schema.org/draft-07/schema#\",\"type\":\"object\",\"properties\":{\"client_id\":{\"type\":\"string\",\"title\":\"client_id\",\"default\":\"\",\"examples\":[\"01db5486-5d46-4dfe-827e-e67687eed88b\"],\"properties\":{},\"pattern\":\"^(.*)$\"},\"client_secret\":{\"type\":\"string\",\"title\":\"client_secret\",\"default\":\"\",\"examples\":[\"vfOuiwYaXKpkb7UZsYuBWAA8R0mpRYz4\"],\"properties\":{},\"pattern\":\"^(.*)$\"},\"client_id_issued_at\":{\"type\":\"string\",\"title\":\"client_id_issued_at\",\"default\":\"\",\"examples\":[\"1769016575\"],\"properties\":{},\"pattern\":\"^(.*)$\"},\"client_secret_expires_at\":{\"type\":\"string\",\"title\":\"client_secret_expires_at\",\"default\":\"\",\"examples\":[\"0\"],\"properties\":{},\"pattern\":\"^(.*)$\"}}}",
    "null" : false
  },
  "source_schema" : "{\n    \"client_id\": \"01db5486-5d46-4dfe-827e-e67687eed88b\",\n    \"client_secret\": \"vfOuiwYaXKpkb7UZsYuBWAA8R0mpRYz4\",\n    \"client_id_issued_at\": \"1769016575\",\n    \"client_secret_expires_at\": \"0\"\n}",
  "type" : "custom",
  "doc_type" : null,
  "source_type" : "jsonsample",
  "ignore_missing_schemas" : false,
  "has_ref_schemas" : null,
  "flat_file_config" : null,
  "active" : false,
  "is_changed" : true,
  "tag" : "V3",
  "comment" : "Finalized enhancements (error checking and exception handling and general cleanup)",
  "base_tag" : "V2"
}