{
  "document_type_id" : "1878a842-9cf4-4221-a384-fa592b0e15fe",
  "name" : "DCR_Input",
  "description" : "Keycloak Dynamic Client Registration REST API Body schema",
  "version" : null,
  "business_document_type_id" : null,
  "document_format_id" : "edc154a0-55fc-11e9-8647-d663bd873d93",
  "root_tag" : null,
  "structure" : {
    "type" : "jsonb",
    "value" : "[{\"key\": \"/client_name\", \"type\": \"string\", \"order\": 1.0, \"title\": \"client_name\", \"value\": {\"type\": \"string\", \"requiredFlag\": false}, \"isLeaf\": true, \"childrenSet\": false, \"hasChildren\": false, \"dataElementType\": \"string\", \"encryption_required\": false}, {\"key\": \"/redirect_uris[]\", \"type\": \"array\", \"order\": 2.0, \"title\": \"redirect_uris\", \"value\": {\"type\": \"array\", \"requiredFlag\": false}, \"isLeaf\": false, \"childrenSet\": false, \"hasChildren\": false, \"dataElementType\": \"stringArray\", \"encryption_required\": false}, {\"key\": \"/response_types[]\", \"type\": \"array\", \"order\": 3.0, \"title\": \"response_types\", \"value\": {\"type\": \"array\", \"requiredFlag\": false}, \"isLeaf\": false, \"childrenSet\": false, \"hasChildren\": false, \"dataElementType\": \"stringArray\", \"encryption_required\": false}, {\"key\": \"/grant_types[]\", \"type\": \"array\", \"order\": 4.0, \"title\": \"grant_types\", \"value\": {\"type\": \"array\", \"requiredFlag\": false}, \"isLeaf\": false, \"childrenSet\": false, \"hasChildren\": false, \"dataElementType\": \"stringArray\", \"encryption_required\": false}, {\"key\": \"/token_endpoint_auth_method\", \"type\": \"string\", \"order\": 5.0, \"title\": \"token_endpoint_auth_method\", \"value\": {\"type\": \"string\", \"requiredFlag\": false}, \"isLeaf\": true, \"childrenSet\": false, \"hasChildren\": false, \"dataElementType\": \"string\", \"encryption_required\": false}, {\"key\": \"/application_type\", \"type\": \"string\", \"order\": 6.0, \"title\": \"application_type\", \"value\": {\"type\": \"string\", \"requiredFlag\": false}, \"isLeaf\": true, \"childrenSet\": false, \"hasChildren\": false, \"dataElementType\": \"string\", \"encryption_required\": false}, {\"key\": \"/scope\", \"type\": \"string\", \"order\": 7.0, \"title\": \"scope\", \"value\": {\"type\": \"string\", \"requiredFlag\": false}, \"isLeaf\": true, \"childrenSet\": false, \"hasChildren\": false, \"dataElementType\": \"string\", \"encryption_required\": false}]",
    "null" : false
  },
  "key_fields" : null,
  "schema" : {
    "type" : "json",
    "value" : "{\"$id\":\"DCR_Input\",\"$schema\":\"http://json-schema.org/draft-07/schema#\",\"type\":\"object\",\"properties\":{\"client_name\":{\"type\":\"string\",\"title\":\"client_name\",\"default\":\"\",\"examples\":[\"lbcred1\"],\"properties\":{},\"pattern\":\"^(.*)$\"},\"redirect_uris\":{\"type\":\"array\",\"title\":\"redirect_uris\",\"properties\":{},\"items\":{\"type\":\"string\",\"default\":\"\",\"examples\":[\"https://lbrenman.marketplace.us.axway.com/productDetails/e78ffcb4c7c6421c8417b8815af039b6/version/177e485f478349569de711c1cb0d9760/resources/5e7137260a3349ebb7b16ca074e6f91b/oauth2-redirect.html\"],\"properties\":{},\"pattern\":\"^(.*)$\"}},\"response_types\":{\"type\":\"array\",\"title\":\"response_types\",\"properties\":{},\"items\":{\"type\":\"string\",\"default\":\"\",\"examples\":[\"code\",\"token\"],\"properties\":{},\"pattern\":\"^(.*)$\"}},\"grant_types\":{\"type\":\"array\",\"title\":\"grant_types\",\"properties\":{},\"items\":{\"type\":\"string\",\"default\":\"\",\"examples\":[\"authorization_code\",\"client_credentials\",\"password\"],\"properties\":{},\"pattern\":\"^(.*)$\"}},\"token_endpoint_auth_method\":{\"type\":\"string\",\"title\":\"token_endpoint_auth_method\",\"default\":\"\",\"examples\":[\"client_secret_basic\"],\"properties\":{},\"pattern\":\"^(.*)$\"},\"application_type\":{\"type\":\"string\",\"title\":\"application_type\",\"default\":\"\",\"examples\":[\"service\"],\"properties\":{},\"pattern\":\"^(.*)$\"},\"scope\":{\"type\":\"string\",\"title\":\"scope\",\"default\":\"\",\"examples\":[\"email\"],\"properties\":{},\"pattern\":\"^(.*)$\"}}}",
    "null" : false
  },
  "source_schema" : "{\n    \"client_name\": \"lbcred1\",\n    \"redirect_uris\": [\"https://lbrenman.marketplace.us.axway.com/productDetails/e78ffcb4c7c6421c8417b8815af039b6/version/177e485f478349569de711c1cb0d9760/resources/5e7137260a3349ebb7b16ca074e6f91b/oauth2-redirect.html\"],\n    \"response_types\": [\"code\",\"token\"],\n    \"grant_types\": [\"authorization_code\",\"client_credentials\",\"password\"],\n    \"token_endpoint_auth_method\": \"client_secret_basic\",\n    \"application_type\": \"service\",\n    \"scope\": \"email\"\n}",
  "type" : "custom",
  "doc_type" : null,
  "source_type" : "jsonsample",
  "ignore_missing_schemas" : false,
  "has_ref_schemas" : null,
  "flat_file_config" : null,
  "active" : false,
  "is_changed" : true,
  "tag" : "V3",
  "comment" : "Finalized enhancements (error checking and exception handling and general cleanup)",
  "base_tag" : "V2"
}