{
  "component_config_id" : "c704ecbd-68bc-44ef-8f72-184f9d806703",
  "endpoint_config_json" : {
    "type" : "jsonb",
    "value" : "{\"crossRef\": [], \"services\": [], \"multistep\": [], \"operations\": []}",
    "null" : false
  },
  "input_config_json" : {
    "type" : "jsonb",
    "value" : "{\"crossRef\": [], \"services\": [], \"multistep\": [], \"operations\": [{\"map\": {\"id\": \"103c126e-f2d1-4b56-b421-121ed00baee3\", \"root\": true, \"type\": \"map\", \"cached\": false, \"source\": \"/CredentialProvisioningInvokeInput\", \"target\": \"/cred-prov-flow-keycloak-serviceInput/CredentialProvisioningInvokeInput\", \"mapNull\": false, \"disabled\": false, \"extractXml\": false, \"extractJson\": false, \"targetOrder\": 1.0, \"mapEmptyString\": false}}, {\"map\": {\"id\": \"ab20b70c-b400-4467-b49a-28c9670c4121\", \"root\": false, \"type\": \"setValue\", \"cached\": false, \"target\": \"/cred-prov-flow-keycloak-serviceInput/shouldThrowExceptionOnError\", \"mapNull\": false, \"disabled\": false, \"extractXml\": false, \"extractJson\": false, \"targetOrder\": 1.0, \"targetValue\": \"false\", \"mapEmptyString\": false, \"targetJavaType\": \"java.lang.Boolean\", \"variableSubstitution\": false}}]}",
    "null" : false
  },
  "output_config_json" : {
    "type" : "jsonb",
    "value" : "{\"crossRef\": [], \"services\": [], \"multistep\": [], \"operations\": [{\"map\": {\"id\": \"48d82d7c-ef90-45b8-b09c-f7a3dfe3aec0\", \"root\": true, \"type\": \"map\", \"cached\": false, \"source\": \"/cred-prov-flow-keycloak-serviceOutput\", \"target\": \"/cred-prov-flow-keycloak-serviceOutput\", \"mapNull\": false, \"disabled\": false, \"extractXml\": false, \"extractJson\": false, \"targetOrder\": 1.0, \"mapEmptyString\": false}}, {\"map\": {\"id\": \"b042740a-6c49-4b54-90a8-45b7cc2076f1\", \"root\": true, \"type\": \"map\", \"cached\": false, \"source\": \"/cred-prov-flow-keycloak-serviceOutput/CredentialProvisioningInvokeOutput\", \"target\": \"/CredentialProvisioningInvokeOutput\", \"mapNull\": false, \"disabled\": false, \"extractXml\": false, \"extractJson\": false, \"targetOrder\": 2.0, \"mapEmptyString\": false}}]}",
    "null" : false
  },
  "component_id" : "756d919f-1b1f-4eab-9f44-2f7b5bbe175c",
  "service_id" : "aa5a336c-e85e-4ddb-91ad-b9fa32251da6",
  "endpoint_id" : null,
  "parent_component_config_id" : null,
  "component_config_order" : 5.0,
  "action_id" : "8e231fcc-71d0-43f6-9303-70dcb0ca6080",
  "name" : "Call cred-prov-flow-keycloak-service",
  "description" : "",
  "override_endpoint" : false,
  "input_structure_json" : {
    "type" : "jsonb",
    "value" : "{\"maps\": [{\"/cred-prov-flow-keycloak-serviceInput/CredentialProvisioningInvokeInput\": [{\"type\": \"map\", \"source\": {\"path\": \"/CredentialProvisioningInvokeInput\", \"title\": \"CredentialProvisioningInvokeInput\", \"dataElementType\": \"document\"}, \"target\": {\"path\": \"/cred-prov-flow-keycloak-serviceInput/CredentialProvisioningInvokeInput\", \"order\": 1, \"title\": \"CredentialProvisioningInvokeInput\", \"dataElementType\": \"document\"}, \"mapCondition\": {\"isConditionSet\": false, \"sourceTreeIndex\": [], \"targetTreeIndex\": [], \"mapConditionFormValue\": {}}}]}, {\"/cred-prov-flow-keycloak-serviceInput/shouldThrowExceptionOnError\": [{\"type\": \"setValue\", \"target\": {\"path\": \"/cred-prov-flow-keycloak-serviceInput/shouldThrowExceptionOnError\", \"order\": 1, \"title\": \"shouldThrowExceptionOnError\", \"dataElementType\": \"boolean\"}, \"values\": [{\"id\": \"006561d6-1dd1-4b84-9167-0f437636c4f6\", \"key\": \"/cred-prov-flow-keycloak-serviceInput/shouldThrowExceptionOnError\", \"type\": \"node\", \"order\": 1, \"title\": \"shouldThrowExceptionOnError\", \"children\": [], \"setValue\": \"false\", \"uiElement\": \"false\", \"isSetValue\": false, \"childrenSet\": false, \"hasChildren\": false, \"dataElementType\": \"boolean\", \"encryption_required\": false}], \"mapCondition\": {\"isConditionSet\": false, \"sourceTreeIndex\": [], \"targetTreeIndex\": [], \"mapConditionFormValue\": {}}, \"variableSubstitution\": false, \"overwritePipelineValue\": false}]}], \"mappedNodes\": [\"/cred-prov-flow-keycloak-serviceOutputactionOut\", \"/cred-prov-flow-keycloak-serviceOutputpipeOut\", \"/CredentialProvisioningInvokeInput pipeIn\", \"/cred-prov-flow-keycloak-serviceInput/CredentialProvisioningInvokeInput actionIn\", \"/cred-prov-flow-keycloak-serviceOutput/CredentialProvisioningInvokeOutput\", \"/CredentialProvisioningInvokeOutputpipeOut\", \"/cred-prov-flow-keycloak-serviceInput/shouldThrowExceptionOnError actionIn\", \"/cred-prov-flow-keycloak-serviceInput actionIn\", \"/cred-prov-flow-keycloak-serviceInput actionIn\", \"/cred-prov-flow-keycloak-serviceInput/shouldThrowExceptionOnError actionIn\", \"/cred-prov-flow-keycloak-serviceInput actionIn\", \"/cred-prov-flow-keycloak-serviceInput actionIn\"]}",
    "null" : false
  },
  "output_structure_json" : {
    "type" : "jsonb",
    "value" : "{\"maps\": [{\"/cred-prov-flow-keycloak-serviceOutput\": [{\"type\": \"map\", \"source\": {\"path\": \"/cred-prov-flow-keycloak-serviceOutput\", \"title\": \"cred-prov-flow-keycloak-serviceOutput\", \"dataElementType\": \"document\"}, \"target\": {\"path\": \"/cred-prov-flow-keycloak-serviceOutput\", \"order\": 1, \"title\": \"cred-prov-flow-keycloak-serviceOutput\", \"dataElementType\": \"document\"}, \"mapCondition\": {\"isConditionSet\": false, \"sourceTreeIndex\": [], \"targetTreeIndex\": [], \"mapConditionFormValue\": {}}}]}, {\"/CredentialProvisioningInvokeOutput\": [{\"type\": \"map\", \"source\": {\"path\": \"/cred-prov-flow-keycloak-serviceOutput/CredentialProvisioningInvokeOutput\", \"title\": \"CredentialProvisioningInvokeOutput\", \"dataElementType\": \"document\"}, \"target\": {\"path\": \"/CredentialProvisioningInvokeOutput\", \"order\": 2, \"title\": \"CredentialProvisioningInvokeOutput\", \"dataElementType\": \"document\"}, \"mapCondition\": {\"isConditionSet\": false, \"sourceTreeIndex\": [], \"targetTreeIndex\": [], \"mapConditionFormValue\": {}}}]}], \"tracks\": {}, \"transformer\": []}",
    "null" : false
  },
  "endpoint_structure_json" : {
    "type" : "jsonb",
    "value" : "{\"maps\": []}",
    "null" : false
  },
  "is_error" : false,
  "no_of_errors" : 0,
  "action_input_type" : null,
  "config_service_id" : "f66dcfa0-ac69-430d-b409-59f570b47d60",
  "config_imap_id" : null,
  "config_b2b_document_type_id" : null,
  "config_document_id" : null,
  "add_variables" : {
    "type" : "jsonb",
    "value" : "[]",
    "null" : false
  },
  "drop_variables" : {
    "type" : "jsonb",
    "value" : "[]",
    "null" : false
  },
  "plug_input_structure" : null,
  "plug_output_structure" : null,
  "config_plug_id" : null,
  "override_plug" : false,
  "config_java_service_id" : null,
  "service_tag" : "EMPTY",
  "endpoint_tag" : null,
  "config_service_tag" : "EMPTY",
  "config_imap_tag" : "",
  "config_b2b_document_type_tag" : "",
  "active" : true,
  "parent_component_config_service_tag" : "EMPTY",
  "service_project_id" : "faa90347-bede-4098-a19b-1861de5ba167",
  "service_project_tag" : "EMPTY",
  "config_service_project_id" : "faa90347-bede-4098-a19b-1861de5ba167",
  "config_service_project_tag" : "EMPTY",
  "config_imap_project_id" : null,
  "config_imap_project_tag" : "",
  "config_b2b_document_type_project_id" : null,
  "config_b2b_document_type_project_tag" : "",
  "endpoint_project_id" : null,
  "endpoint_project_tag" : null,
  "config_plug_tag" : null,
  "config_plug_project_id" : null,
  "config_plug_project_tag" : null,
  "config_java_service_tag" : "",
  "config_java_service_project_id" : null,
  "config_java_service_project_tag" : "",
  "disabled" : false,
  "config" : {
    "type" : "json",
    "value" : "{\"serviceProjectName\":\"EngageKeycloakClientProvisioning\"}",
    "null" : false
  },
  "config_b2b_document_type_project_mode_id" : "112c1cb8-4b9e-4d1a-a042-0bd031dc7d05",
  "config_imap_project_mode_id" : "112c1cb8-4b9e-4d1a-a042-0bd031dc7d05",
  "config_java_service_project_mode_id" : "112c1cb8-4b9e-4d1a-a042-0bd031dc7d05",
  "config_plug_project_mode_id" : "112c1cb8-4b9e-4d1a-a042-0bd031dc7d05",
  "config_service_project_mode_id" : "112c1cb8-4b9e-4d1a-a042-0bd031dc7d05",
  "endpoint_project_mode_id" : "112c1cb8-4b9e-4d1a-a042-0bd031dc7d05",
  "service_project_mode_id" : "112c1cb8-4b9e-4d1a-a042-0bd031dc7d05",
  "parent_component_config_service_project_mode_id" : "112c1cb8-4b9e-4d1a-a042-0bd031dc7d05",
  "is_audit" : true,
  "keys_with_order" : null
}