{
  "component_config_id" : "62cf9faf-5ae4-48d9-a043-d9b45e255996",
  "endpoint_config_json" : {
    "type" : "jsonb",
    "value" : "{\"crossRef\": [], \"services\": [], \"multistep\": [], \"operations\": []}",
    "null" : false
  },
  "input_config_json" : {
    "type" : "jsonb",
    "value" : "{\"crossRef\": [], \"services\": [], \"multistep\": [], \"operations\": [{\"map\": {\"id\": \"bbb886d9-be51-420d-a136-0136826604fe\", \"root\": false, \"type\": \"map\", \"cached\": false, \"source\": \"/DCR_Input\", \"target\": \"/HTTPSPostInput/body\", \"mapNull\": false, \"disabled\": false, \"extractXml\": false, \"extractJson\": false, \"targetOrder\": 3.0, \"mapEmptyString\": false, \"targetJavaType\": \"java.lang.String\"}}, {\"map\": {\"id\": \"745b0bcd-8841-4453-88c2-93e24811bc12\", \"root\": false, \"type\": \"setValue\", \"cached\": false, \"target\": \"/HTTPSPostInput/basePath\", \"mapNull\": false, \"disabled\": false, \"extractXml\": false, \"extractJson\": false, \"targetOrder\": 4.0, \"targetValue\": \"/clients-registrations/openid-connect\", \"mapEmptyString\": false, \"targetJavaType\": \"java.lang.String\", \"variableSubstitution\": false}}]}",
    "null" : false
  },
  "output_config_json" : {
    "type" : "jsonb",
    "value" : "{\"crossRef\": [], \"services\": [], \"multistep\": [], \"operations\": [{\"map\": {\"id\": \"8df39e35-9e58-442f-9149-5550327fcdda\", \"root\": true, \"type\": \"map\", \"cached\": false, \"source\": \"/HTTPSPostOutput\", \"target\": \"/HTTPSPostOutput\", \"mapNull\": false, \"disabled\": false, \"extractXml\": false, \"extractJson\": false, \"mapEmptyString\": false}}]}",
    "null" : false
  },
  "component_id" : "1dd81dfd-e452-4eb3-bbd7-bc6f0da00cbd",
  "service_id" : "f66dcfa0-ac69-430d-b409-59f570b47d60",
  "endpoint_id" : "fc860f6b-8cdb-4852-9733-2e3e5a07f659",
  "parent_component_config_id" : "893f52ca-9fd3-4482-945a-49b10fa7910e",
  "component_config_order" : 1.0,
  "action_id" : "c3ddf699-458d-4e3a-84e3-66f8320787eb",
  "name" : "Create client",
  "description" : "",
  "override_endpoint" : false,
  "input_structure_json" : {
    "type" : "jsonb",
    "value" : "{\"maps\": [{\"/HTTPSPostInput/body\": [{\"type\": \"map\", \"source\": {\"path\": \"/DCR_Input\", \"title\": \"DCR_Input\", \"dataElementType\": \"document\"}, \"target\": {\"path\": \"/HTTPSPostInput/body\", \"order\": 3, \"title\": \"body\", \"dataElementType\": \"string\"}, \"mapCondition\": {\"isConditionSet\": false, \"sourceTreeIndex\": [], \"targetTreeIndex\": [], \"mapConditionFormValue\": {}}}]}, {\"/HTTPSPostInput/basePath\": [{\"type\": \"setValue\", \"target\": {\"path\": \"/HTTPSPostInput/basePath\", \"order\": 4, \"title\": \"basePath\", \"dataElementType\": \"string\"}, \"values\": [{\"id\": \"e9b35f36-0fe2-40bb-a2fe-e79a6087a511\", \"key\": \"/HTTPSPostInput/basePath\", \"type\": \"object\", \"order\": 4, \"title\": \"basePath\", \"isLeaf\": false, \"children\": [], \"setValue\": null, \"uiElement\": \"/clients-registrations/openid-connect\", \"isSetValue\": false, \"childrenSet\": false, \"hasChildren\": false, \"dataElementType\": \"string\", \"encryption_required\": false}], \"mapCondition\": {\"isConditionSet\": false, \"sourceTreeIndex\": [], \"targetTreeIndex\": [], \"mapConditionFormValue\": {}}, \"variableSubstitution\": false, \"overwritePipelineValue\": false}]}], \"mappedNodes\": [\"/HTTPSPostOutput\", \"/HTTPSPostOutputpipeOut\", \"/DCR_Input pipeIn\", \"/HTTPSPostInput/body actionIn\", \"/HTTPSPostInput/basePath actionIn\", \"/HTTPSPostInput actionIn\"]}",
    "null" : false
  },
  "output_structure_json" : {
    "type" : "jsonb",
    "value" : "{\"maps\": [{\"/HTTPSPostOutput\": [{\"type\": \"map\", \"source\": {\"path\": \"/HTTPSPostOutput\", \"title\": \"HTTPSPostOutput\", \"dataElementType\": \"document\"}, \"target\": {\"path\": \"/HTTPSPostOutput\", \"alias\": null, \"order\": null, \"title\": \"HTTPSPostOutput\", \"dataElementType\": \"document\"}, \"mapCondition\": {\"mapNull\": null, \"defaultValue\": null, \"isConditionSet\": false, \"mapEmptyString\": null, \"sourceTreeIndex\": [], \"targetTreeIndex\": [], \"mapConditionFormValue\": {\"fields\": null}}}]}], \"tracks\": {}, \"transformer\": []}",
    "null" : false
  },
  "endpoint_structure_json" : {
    "type" : "jsonb",
    "value" : "{\"maps\": []}",
    "null" : false
  },
  "is_error" : false,
  "no_of_errors" : 0,
  "action_input_type" : null,
  "config_service_id" : null,
  "config_imap_id" : null,
  "config_b2b_document_type_id" : null,
  "config_document_id" : null,
  "add_variables" : {
    "type" : "jsonb",
    "value" : "[]",
    "null" : false
  },
  "drop_variables" : {
    "type" : "jsonb",
    "value" : "[]",
    "null" : false
  },
  "plug_input_structure" : null,
  "plug_output_structure" : null,
  "config_plug_id" : null,
  "override_plug" : false,
  "config_java_service_id" : null,
  "service_tag" : "EMPTY",
  "endpoint_tag" : "EMPTY",
  "config_service_tag" : "EMPTY",
  "config_imap_tag" : "EMPTY",
  "config_b2b_document_type_tag" : "EMPTY",
  "active" : true,
  "parent_component_config_service_tag" : "EMPTY",
  "service_project_id" : "faa90347-bede-4098-a19b-1861de5ba167",
  "service_project_tag" : "EMPTY",
  "config_service_project_id" : null,
  "config_service_project_tag" : "EMPTY",
  "config_imap_project_id" : null,
  "config_imap_project_tag" : "EMPTY",
  "config_b2b_document_type_project_id" : null,
  "config_b2b_document_type_project_tag" : "EMPTY",
  "endpoint_project_id" : "faa90347-bede-4098-a19b-1861de5ba167",
  "endpoint_project_tag" : "EMPTY",
  "config_plug_tag" : "EMPTY",
  "config_plug_project_id" : null,
  "config_plug_project_tag" : "EMPTY",
  "config_java_service_tag" : "EMPTY",
  "config_java_service_project_id" : null,
  "config_java_service_project_tag" : "EMPTY",
  "disabled" : false,
  "config" : {
    "type" : "json",
    "value" : "{}",
    "null" : false
  },
  "config_b2b_document_type_project_mode_id" : "112c1cb8-4b9e-4d1a-a042-0bd031dc7d05",
  "config_imap_project_mode_id" : "112c1cb8-4b9e-4d1a-a042-0bd031dc7d05",
  "config_java_service_project_mode_id" : "112c1cb8-4b9e-4d1a-a042-0bd031dc7d05",
  "config_plug_project_mode_id" : "112c1cb8-4b9e-4d1a-a042-0bd031dc7d05",
  "config_service_project_mode_id" : "112c1cb8-4b9e-4d1a-a042-0bd031dc7d05",
  "endpoint_project_mode_id" : "112c1cb8-4b9e-4d1a-a042-0bd031dc7d05",
  "service_project_mode_id" : "112c1cb8-4b9e-4d1a-a042-0bd031dc7d05",
  "parent_component_config_service_project_mode_id" : "112c1cb8-4b9e-4d1a-a042-0bd031dc7d05",
  "is_audit" : true,
  "keys_with_order" : null
}