{
  "component_config_id" : "5bbc90b0-4fdf-4189-9da7-dcc960176cdd",
  "endpoint_config_json" : null,
  "input_config_json" : {
    "type" : "jsonb",
    "value" : "{\"maps\": [], \"mappedNodes\": [\"/CredentialProvisioningInvokeInput\", \"/CredentialProvisioningInvokeInputpipeOut\", \"/CredentialProvisioningInvokeOutput\", \"/CredentialProvisioningInvokeOutputpipeOut\"], \"transformer\": []}",
    "null" : false
  },
  "output_config_json" : {
    "type" : "jsonb",
    "value" : "{\"crossRef\": [], \"services\": [], \"multistep\": [], \"operations\": [{\"map\": {\"id\": \"ac930689-cad1-4c41-b336-68458ece8ece\", \"root\": true, \"type\": \"map\", \"cached\": false, \"source\": \"/CredentialProvisioningInvokeInput\", \"target\": \"/CredentialProvisioningInvokeInput\", \"mapNull\": false, \"disabled\": false, \"extractXml\": false, \"extractJson\": false, \"mapEmptyString\": false}}, {\"map\": {\"id\": \"6b3300bc-59c9-4fa9-ae9c-0bff00d1c096\", \"root\": true, \"type\": \"map\", \"cached\": false, \"source\": \"/CredentialProvisioningInvokeOutput\", \"target\": \"/CredentialProvisioningInvokeOutput\", \"mapNull\": false, \"disabled\": false, \"extractXml\": false, \"extractJson\": false, \"mapEmptyString\": false}}]}",
    "null" : false
  },
  "component_id" : "5de7df5c-715f-4f53-a997-e4b4a6c5fcaf",
  "service_id" : "aa5a336c-e85e-4ddb-91ad-b9fa32251da6",
  "endpoint_id" : null,
  "parent_component_config_id" : null,
  "component_config_order" : 1.0,
  "action_id" : "cad1c60d-1788-4dcf-af03-f5b628b22dd5",
  "name" : null,
  "description" : null,
  "override_endpoint" : false,
  "input_structure_json" : {
    "type" : "jsonb",
    "value" : "{\"maps\": [], \"mappedNodes\": [\"/CredentialProvisioningInvokeInput\", \"/CredentialProvisioningInvokeInputpipeOut\", \"/CredentialProvisioningInvokeOutput\", \"/CredentialProvisioningInvokeOutputpipeOut\"], \"transformer\": []}",
    "null" : false
  },
  "output_structure_json" : {
    "type" : "jsonb",
    "value" : "{\"maps\": [{\"/CredentialProvisioningInvokeInput\": [{\"type\": \"map\", \"source\": {\"path\": \"/CredentialProvisioningInvokeInput\", \"title\": \"CredentialProvisioningInvokeInput\", \"dataElementType\": \"document\"}, \"target\": {\"path\": \"/CredentialProvisioningInvokeInput\", \"alias\": null, \"order\": null, \"title\": \"CredentialProvisioningInvokeInput\", \"dataElementType\": \"document\"}, \"mapCondition\": {\"mapNull\": null, \"defaultValue\": null, \"isConditionSet\": false, \"mapEmptyString\": null, \"sourceTreeIndex\": [], \"targetTreeIndex\": [], \"mapConditionFormValue\": {\"fields\": null}}}], \"/CredentialProvisioningInvokeOutput\": [{\"type\": \"map\", \"source\": {\"path\": \"/CredentialProvisioningInvokeOutput\", \"title\": \"CredentialProvisioningInvokeOutput\", \"dataElementType\": \"document\"}, \"target\": {\"path\": \"/CredentialProvisioningInvokeOutput\", \"alias\": null, \"order\": null, \"title\": \"CredentialProvisioningInvokeOutput\", \"dataElementType\": \"document\"}, \"mapCondition\": {\"mapNull\": null, \"defaultValue\": null, \"isConditionSet\": false, \"mapEmptyString\": null, \"sourceTreeIndex\": [], \"targetTreeIndex\": [], \"mapConditionFormValue\": {\"fields\": null}}}]}]}",
    "null" : false
  },
  "endpoint_structure_json" : null,
  "is_error" : false,
  "no_of_errors" : null,
  "action_input_type" : null,
  "config_service_id" : null,
  "config_imap_id" : null,
  "config_b2b_document_type_id" : null,
  "config_document_id" : null,
  "add_variables" : null,
  "drop_variables" : null,
  "plug_input_structure" : null,
  "plug_output_structure" : null,
  "config_plug_id" : null,
  "override_plug" : false,
  "config_java_service_id" : null,
  "service_tag" : "V3",
  "endpoint_tag" : null,
  "config_service_tag" : null,
  "config_imap_tag" : null,
  "config_b2b_document_type_tag" : null,
  "active" : false,
  "parent_component_config_service_tag" : "V3",
  "service_project_id" : "faa90347-bede-4098-a19b-1861de5ba167",
  "service_project_tag" : "V3",
  "config_service_project_id" : null,
  "config_service_project_tag" : null,
  "config_imap_project_id" : null,
  "config_imap_project_tag" : null,
  "config_b2b_document_type_project_id" : null,
  "config_b2b_document_type_project_tag" : null,
  "endpoint_project_id" : null,
  "endpoint_project_tag" : null,
  "config_plug_tag" : null,
  "config_plug_project_id" : null,
  "config_plug_project_tag" : null,
  "config_java_service_tag" : null,
  "config_java_service_project_id" : null,
  "config_java_service_project_tag" : null,
  "disabled" : false,
  "config" : {
    "type" : "json",
    "value" : "{\"id\":\"98017f8f-4873-4221-be9f-9221b942a528\"}",
    "null" : false
  },
  "config_b2b_document_type_project_mode_id" : "112c1cb8-4b9e-4d1a-a042-0bd031dc7d05",
  "config_imap_project_mode_id" : "112c1cb8-4b9e-4d1a-a042-0bd031dc7d05",
  "config_java_service_project_mode_id" : "112c1cb8-4b9e-4d1a-a042-0bd031dc7d05",
  "config_plug_project_mode_id" : "112c1cb8-4b9e-4d1a-a042-0bd031dc7d05",
  "config_service_project_mode_id" : "112c1cb8-4b9e-4d1a-a042-0bd031dc7d05",
  "endpoint_project_mode_id" : "112c1cb8-4b9e-4d1a-a042-0bd031dc7d05",
  "service_project_mode_id" : "112c1cb8-4b9e-4d1a-a042-0bd031dc7d05",
  "parent_component_config_service_project_mode_id" : "112c1cb8-4b9e-4d1a-a042-0bd031dc7d05",
  "is_audit" : true,
  "keys_with_order" : null
}