{
  "component_config_id" : "928b4ab3-2c31-46a7-80d3-7ecf1ecff7ef",
  "endpoint_config_json" : {
    "type" : "jsonb",
    "value" : "{\"crossRef\": [], \"services\": [], \"multistep\": [], \"operations\": []}",
    "null" : false
  },
  "input_config_json" : {
    "type" : "jsonb",
    "value" : "{\"crossRef\": [], \"services\": [], \"multistep\": [], \"operations\": []}",
    "null" : false
  },
  "output_config_json" : {
    "type" : "jsonb",
    "value" : "{\"crossRef\": [], \"services\": [], \"multistep\": [], \"operations\": [{\"transformer\": {\"id\": \"b6ca6755-51c5-43fc-9994-88c92dfd1f21\", \"name\": \"STRING_MULTIPLE_CONCAT\", \"type\": \"String\", \"query\": null, \"inputs\": [{\"id\": \"261e8dc5-16ba-497e-9db4-e338d3d86a39\", \"root\": false, \"type\": \"list\", \"cached\": false, \"source\": \"/cred-prov-flow-keycloak-serviceInput/CredentialProvisioningInvokeInput/scope[]\", \"target\": \"/STRING_MULTIPLE_CONCAT_INPUT/inStringList[]\", \"mapNull\": false, \"disabled\": false, \"extractXml\": false, \"extractJson\": false, \"mapEmptyString\": false, \"sourceJavaType\": \"java.lang.String\", \"targetJavaType\": \"java.lang.String\"}, {\"id\": \"f3bcb9ff-81bb-41ce-b6cc-e4ea701feae2\", \"root\": false, \"type\": \"setValue\", \"cached\": false, \"target\": \"/STRING_MULTIPLE_CONCAT_INPUT/delimiter\", \"mapNull\": false, \"disabled\": false, \"extractXml\": false, \"extractJson\": false, \"targetValue\": \" \", \"mapEmptyString\": false, \"targetJavaType\": \"java.lang.String\", \"variableSubstitution\": false}], \"outputs\": [{\"id\": \"a59f6686-63b5-45b8-a427-c9de926b7018\", \"root\": false, \"type\": \"map\", \"cached\": false, \"source\": \"/STRING_MULTIPLE_CONCAT_OUTPUT/outString\", \"target\": \"/DCR_Input/scope\", \"mapNull\": false, \"disabled\": false, \"extractXml\": false, \"extractJson\": false, \"targetOrder\": 7.0, \"mapEmptyString\": false, \"sourceJavaType\": \"java.lang.String\", \"targetJavaType\": \"java.lang.String\"}], \"tableId\": null, \"configId\": null, \"disabled\": false, \"serviceId\": null, \"expression\": null}}, {\"map\": {\"id\": \"a2bc2778-a7ca-472d-8a37-3b7fff9000dd\", \"root\": false, \"type\": \"map\", \"cached\": false, \"source\": \"/cred-prov-flow-keycloak-serviceInput/CredentialProvisioningInvokeInput/client_name\", \"target\": \"/DCR_Input/client_name\", \"mapNull\": false, \"disabled\": false, \"extractXml\": false, \"extractJson\": false, \"targetOrder\": 1.0, \"mapEmptyString\": false, \"sourceJavaType\": \"java.lang.String\", \"targetJavaType\": \"java.lang.String\"}}, {\"map\": {\"id\": \"c39b308c-e16c-475f-97c5-d1f9aa34bdda\", \"root\": false, \"type\": \"list\", \"cached\": false, \"source\": \"/cred-prov-flow-keycloak-serviceInput/CredentialProvisioningInvokeInput/redirect_uris[]\", \"target\": \"/DCR_Input/redirect_uris[]\", \"mapNull\": false, \"disabled\": false, \"extractXml\": false, \"extractJson\": false, \"targetOrder\": 2.0, \"mapEmptyString\": false, \"sourceJavaType\": \"java.lang.String\", \"targetJavaType\": \"java.lang.String\"}}, {\"map\": {\"id\": \"feb6b629-eeed-4960-9ce7-56758e0654af\", \"root\": false, \"type\": \"list\", \"cached\": false, \"source\": \"/cred-prov-flow-keycloak-serviceInput/CredentialProvisioningInvokeInput/response_types[]\", \"target\": \"/DCR_Input/response_types[]\", \"mapNull\": false, \"disabled\": false, \"extractXml\": false, \"extractJson\": false, \"targetOrder\": 3.0, \"mapEmptyString\": false, \"sourceJavaType\": \"java.lang.String\", \"targetJavaType\": \"java.lang.String\"}}, {\"map\": {\"id\": \"8e756a0b-a0d8-4939-9314-95e384be2512\", \"root\": false, \"type\": \"list\", \"cached\": false, \"source\": \"/cred-prov-flow-keycloak-serviceInput/CredentialProvisioningInvokeInput/grant_types[]\", \"target\": \"/DCR_Input/grant_types[]\", \"mapNull\": false, \"disabled\": false, \"extractXml\": false, \"extractJson\": false, \"targetOrder\": 4.0, \"mapEmptyString\": false, \"sourceJavaType\": \"java.lang.String\", \"targetJavaType\": \"java.lang.String\"}}, {\"map\": {\"id\": \"68442174-1d67-4a41-be8a-708c501ae136\", \"root\": false, \"type\": \"map\", \"cached\": false, \"source\": \"/cred-prov-flow-keycloak-serviceInput/CredentialProvisioningInvokeInput/tokenAuthMethod\", \"target\": \"/DCR_Input/token_endpoint_auth_method\", \"mapNull\": false, \"disabled\": false, \"extractXml\": false, \"extractJson\": false, \"targetOrder\": 5.0, \"mapEmptyString\": false, \"sourceJavaType\": \"java.lang.String\", \"targetJavaType\": \"java.lang.String\"}}]}",
    "null" : false
  },
  "component_id" : "8ac5fe03-27a2-4e6a-a449-6a8893818223",
  "service_id" : "f66dcfa0-ac69-430d-b409-59f570b47d60",
  "endpoint_id" : null,
  "parent_component_config_id" : null,
  "component_config_order" : 1.0,
  "action_id" : "06843b78-eab0-45da-afab-8c8277d7553f",
  "name" : "Declare/Map Vars",
  "description" : "",
  "override_endpoint" : false,
  "input_structure_json" : {
    "type" : "jsonb",
    "value" : "{\"maps\": [], \"mappedNodes\": [\"/cred-prov-flow-keycloak-serviceInput/CredentialProvisioningInvokeInput/client_name pipeIn\", \"/DCR_Input/client_namepipeOut\", \"/cred-prov-flow-keycloak-serviceInput/CredentialProvisioningInvokeInput/redirect_uris[] pipeIn\", \"/DCR_Input/redirect_uris[]pipeOut\", \"/cred-prov-flow-keycloak-serviceInput/CredentialProvisioningInvokeInput/response_types[] pipeIn\", \"/DCR_Input/response_types[]pipeOut\", \"/cred-prov-flow-keycloak-serviceInput/CredentialProvisioningInvokeInput/grant_types[] pipeIn\", \"/DCR_Input/grant_types[]pipeOut\", \"/cred-prov-flow-keycloak-serviceInput/CredentialProvisioningInvokeInput/tokenAuthMethod pipeIn\", \"/DCR_Input/token_endpoint_auth_methodpipeOut\", \"/cred-prov-flow-keycloak-serviceInput/CredentialProvisioningInvokeInput/scope[] pipeIn\", \"/STRING_MULTIPLE_CONCAT_INPUT/inStringList[]0\", \"/STRING_MULTIPLE_CONCAT_OUTPUT/outString0\", \"/DCR_Input/scopepipeOut\", \"/STRING_MULTIPLE_CONCAT_INPUT/delimiter\", \"/STRING_MULTIPLE_CONCAT_INPUT\"]}",
    "null" : false
  },
  "output_structure_json" : {
    "type" : "jsonb",
    "value" : "{\"maps\": [{\"/DCR_Input/client_name\": [{\"type\": \"map\", \"source\": {\"path\": \"/cred-prov-flow-keycloak-serviceInput/CredentialProvisioningInvokeInput/client_name\", \"title\": \"client_name\", \"dataElementType\": \"string\"}, \"target\": {\"path\": \"/DCR_Input/client_name\", \"order\": 1, \"title\": \"client_name\", \"dataElementType\": \"string\"}, \"mapCondition\": {\"isConditionSet\": false, \"sourceTreeIndex\": [], \"targetTreeIndex\": [], \"mapConditionFormValue\": {}}}]}, {\"/DCR_Input/redirect_uris[]\": [{\"type\": \"list\", \"source\": {\"path\": \"/cred-prov-flow-keycloak-serviceInput/CredentialProvisioningInvokeInput/redirect_uris[]\", \"title\": \"redirect_uris\", \"dataElementType\": \"stringArray\"}, \"target\": {\"path\": \"/DCR_Input/redirect_uris[]\", \"order\": 2, \"title\": \"redirect_uris\", \"dataElementType\": \"stringArray\"}, \"mapCondition\": {\"isConditionSet\": false, \"sourceTreeIndex\": [{\"key\": 1, \"title\": \"cred-prov-flow-keycloak-serviceInput\", \"isLeaf\": false, \"isArray\": false, \"children\": [{\"key\": 2, \"title\": \"CredentialProvisioningInvokeInput\", \"isLeaf\": false, \"isArray\": false, \"children\": [{\"key\": 3, \"title\": \"redirect_uris[]\", \"isLeaf\": false, \"isArray\": true, \"parentKey\": 2, \"arrayIndex\": null}], \"parentKey\": 1}], \"parentKey\": 0}], \"targetTreeIndex\": [{\"key\": 1, \"title\": \"DCR_Input\", \"isLeaf\": false, \"isArray\": false, \"children\": [{\"key\": 2, \"title\": \"redirect_uris[]\", \"isLeaf\": false, \"isArray\": true, \"parentKey\": 1, \"arrayIndex\": null}], \"parentKey\": 0}], \"mapConditionFormValue\": {}}}]}, {\"/DCR_Input/response_types[]\": [{\"type\": \"list\", \"source\": {\"path\": \"/cred-prov-flow-keycloak-serviceInput/CredentialProvisioningInvokeInput/response_types[]\", \"title\": \"response_types\", \"dataElementType\": \"stringArray\"}, \"target\": {\"path\": \"/DCR_Input/response_types[]\", \"order\": 3, \"title\": \"response_types\", \"dataElementType\": \"stringArray\"}, \"mapCondition\": {\"isConditionSet\": false, \"sourceTreeIndex\": [{\"key\": 1, \"title\": \"cred-prov-flow-keycloak-serviceInput\", \"isLeaf\": false, \"isArray\": false, \"children\": [{\"key\": 2, \"title\": \"CredentialProvisioningInvokeInput\", \"isLeaf\": false, \"isArray\": false, \"children\": [{\"key\": 3, \"title\": \"response_types[]\", \"isLeaf\": false, \"isArray\": true, \"parentKey\": 2, \"arrayIndex\": null}], \"parentKey\": 1}], \"parentKey\": 0}], \"targetTreeIndex\": [{\"key\": 1, \"title\": \"DCR_Input\", \"isLeaf\": false, \"isArray\": false, \"children\": [{\"key\": 2, \"title\": \"response_types[]\", \"isLeaf\": false, \"isArray\": true, \"parentKey\": 1, \"arrayIndex\": null}], \"parentKey\": 0}], \"mapConditionFormValue\": {}}}]}, {\"/DCR_Input/grant_types[]\": [{\"type\": \"list\", \"source\": {\"path\": \"/cred-prov-flow-keycloak-serviceInput/CredentialProvisioningInvokeInput/grant_types[]\", \"title\": \"grant_types\", \"dataElementType\": \"stringArray\"}, \"target\": {\"path\": \"/DCR_Input/grant_types[]\", \"order\": 4, \"title\": \"grant_types\", \"dataElementType\": \"stringArray\"}, \"mapCondition\": {\"isConditionSet\": false, \"sourceTreeIndex\": [{\"key\": 1, \"title\": \"cred-prov-flow-keycloak-serviceInput\", \"isLeaf\": false, \"isArray\": false, \"children\": [{\"key\": 2, \"title\": \"CredentialProvisioningInvokeInput\", \"isLeaf\": false, \"isArray\": false, \"children\": [{\"key\": 3, \"title\": \"grant_types[]\", \"isLeaf\": false, \"isArray\": true, \"parentKey\": 2, \"arrayIndex\": null}], \"parentKey\": 1}], \"parentKey\": 0}], \"targetTreeIndex\": [{\"key\": 1, \"title\": \"DCR_Input\", \"isLeaf\": false, \"isArray\": false, \"children\": [{\"key\": 2, \"title\": \"grant_types[]\", \"isLeaf\": false, \"isArray\": true, \"parentKey\": 1, \"arrayIndex\": null}], \"parentKey\": 0}], \"mapConditionFormValue\": {}}}]}, {\"/DCR_Input/token_endpoint_auth_method\": [{\"type\": \"map\", \"source\": {\"path\": \"/cred-prov-flow-keycloak-serviceInput/CredentialProvisioningInvokeInput/tokenAuthMethod\", \"title\": \"tokenAuthMethod\", \"dataElementType\": \"string\"}, \"target\": {\"path\": \"/DCR_Input/token_endpoint_auth_method\", \"order\": 5, \"title\": \"token_endpoint_auth_method\", \"dataElementType\": \"string\"}, \"mapCondition\": {\"isConditionSet\": false, \"sourceTreeIndex\": [], \"targetTreeIndex\": [], \"mapConditionFormValue\": {}}}]}], \"tracks\": {}, \"transformer\": [{\"inputs\": {\"/STRING_MULTIPLE_CONCAT_INPUT/delimiter\": [{\"type\": \"setValue\", \"target\": {\"path\": \"/STRING_MULTIPLE_CONCAT_INPUT/delimiter\", \"order\": \"\", \"title\": \"delimiter\", \"dataElementType\": \"string\"}, \"values\": [{\"id\": \"dd153b7f-107b-42bd-9981-49f4b1cc18ef\", \"key\": \"/STRING_MULTIPLE_CONCAT_INPUT/delimiter\", \"type\": \"string\", \"title\": \"delimiter\", \"isLeaf\": false, \"secret\": false, \"children\": [], \"setValue\": null, \"uiElement\": \" \", \"isSetValue\": false, \"dataElementType\": \"string\"}], \"mapCondition\": {\"isConditionSet\": false, \"sourceTreeIndex\": [], \"targetTreeIndex\": [], \"mapConditionFormValue\": {}}, \"variableSubstitution\": false, \"overwritePipelineValue\": false}], \"/STRING_MULTIPLE_CONCAT_INPUT/inStringList[]\": [{\"type\": \"list\", \"source\": {\"path\": \"/cred-prov-flow-keycloak-serviceInput/CredentialProvisioningInvokeInput/scope[]\", \"title\": \"scope\", \"dataElementType\": \"stringArray\"}, \"target\": {\"path\": \"/STRING_MULTIPLE_CONCAT_INPUT/inStringList[]\", \"title\": \"inStringList\", \"dataElementType\": \"stringArray\"}, \"mapCondition\": {\"isConditionSet\": false, \"sourceTreeIndex\": [{\"key\": 1, \"title\": \"cred-prov-flow-keycloak-serviceInput\", \"isLeaf\": false, \"isArray\": false, \"children\": [{\"key\": 2, \"title\": \"CredentialProvisioningInvokeInput\", \"isLeaf\": false, \"isArray\": false, \"children\": [{\"key\": 3, \"title\": \"scope[]\", \"isLeaf\": false, \"isArray\": true, \"parentKey\": 2, \"arrayIndex\": null}], \"parentKey\": 1}], \"parentKey\": 0}], \"targetTreeIndex\": [{\"key\": 1, \"title\": \"STRING_MULTIPLE_CONCAT_INPUT\", \"isLeaf\": false, \"isArray\": false, \"children\": [{\"key\": 2, \"title\": \"inStringList\", \"isLeaf\": false, \"isArray\": true, \"parentKey\": 1, \"arrayIndex\": null}], \"parentKey\": 0}], \"mapConditionFormValue\": {}}}]}, \"outputs\": {\"/DCR_Input/scope\": [{\"type\": \"map\", \"source\": {\"path\": \"/STRING_MULTIPLE_CONCAT_OUTPUT/outString\", \"title\": \"outString\", \"dataElementType\": \"string\"}, \"target\": {\"path\": \"/DCR_Input/scope\", \"order\": 7, \"title\": \"scope\", \"dataElementType\": \"string\"}, \"mapCondition\": {\"isConditionSet\": false, \"sourceTreeIndex\": [], \"targetTreeIndex\": [], \"mapConditionFormValue\": {}}}]}, \"functionInfo\": {\"id\": \"c9bdfebb-8b11-4357-86b7-64acea28e458\", \"name\": \"MultipleConcat\", \"category\": {\"id\": \"7e335ebf-c122-41de-a87f-8e4cb8f39ff6\"}, \"internalName\": \"STRING_MULTIPLE_CONCAT\"}}]}",
    "null" : false
  },
  "endpoint_structure_json" : {
    "type" : "jsonb",
    "value" : "{\"maps\": []}",
    "null" : false
  },
  "is_error" : false,
  "no_of_errors" : 0,
  "action_input_type" : null,
  "config_service_id" : null,
  "config_imap_id" : null,
  "config_b2b_document_type_id" : null,
  "config_document_id" : null,
  "add_variables" : {
    "type" : "jsonb",
    "value" : "[{\"id\": \"40fefeb8-eeb2-4fb0-9d6d-d386917ca784\", \"key\": \"/DCR_Input\", \"type\": \"reference\", \"order\": 2, \"title\": \"DCR_Input\", \"value\": {\"type\": \"object\"}, \"isLeaf\": false, \"children\": [], \"editAllow\": true, \"hasChildren\": false, \"projectName\": \"EngageKeycloakClientProvisioning\", \"referenceId\": \"1878a842-9cf4-4221-a384-fa592b0e15fe\", \"isChildrenSet\": false, \"dataObjectName\": \"DCR_Input\", \"dataElementType\": \"document\", \"componentConfigId\": \"928b4ab3-2c31-46a7-80d3-7ecf1ecff7ef\", \"encryption_required\": false}]",
    "null" : false
  },
  "drop_variables" : {
    "type" : "jsonb",
    "value" : "[]",
    "null" : false
  },
  "plug_input_structure" : null,
  "plug_output_structure" : null,
  "config_plug_id" : null,
  "override_plug" : false,
  "config_java_service_id" : null,
  "service_tag" : "V3",
  "endpoint_tag" : null,
  "config_service_tag" : "",
  "config_imap_tag" : "",
  "config_b2b_document_type_tag" : "",
  "active" : false,
  "parent_component_config_service_tag" : "V3",
  "service_project_id" : "faa90347-bede-4098-a19b-1861de5ba167",
  "service_project_tag" : "V3",
  "config_service_project_id" : null,
  "config_service_project_tag" : "",
  "config_imap_project_id" : null,
  "config_imap_project_tag" : "",
  "config_b2b_document_type_project_id" : null,
  "config_b2b_document_type_project_tag" : "",
  "endpoint_project_id" : null,
  "endpoint_project_tag" : null,
  "config_plug_tag" : null,
  "config_plug_project_id" : null,
  "config_plug_project_tag" : null,
  "config_java_service_tag" : "",
  "config_java_service_project_id" : null,
  "config_java_service_project_tag" : "",
  "disabled" : false,
  "config" : null,
  "config_b2b_document_type_project_mode_id" : "112c1cb8-4b9e-4d1a-a042-0bd031dc7d05",
  "config_imap_project_mode_id" : "112c1cb8-4b9e-4d1a-a042-0bd031dc7d05",
  "config_java_service_project_mode_id" : "112c1cb8-4b9e-4d1a-a042-0bd031dc7d05",
  "config_plug_project_mode_id" : "112c1cb8-4b9e-4d1a-a042-0bd031dc7d05",
  "config_service_project_mode_id" : "112c1cb8-4b9e-4d1a-a042-0bd031dc7d05",
  "endpoint_project_mode_id" : "112c1cb8-4b9e-4d1a-a042-0bd031dc7d05",
  "service_project_mode_id" : "112c1cb8-4b9e-4d1a-a042-0bd031dc7d05",
  "parent_component_config_service_project_mode_id" : "112c1cb8-4b9e-4d1a-a042-0bd031dc7d05",
  "is_audit" : true,
  "keys_with_order" : null
}