{
  "component_config_id" : "c14c60bc-7a0c-486d-bd82-568b7e0c41a8",
  "endpoint_config_json" : {
    "type" : "jsonb",
    "value" : "{\"crossRef\": [], \"services\": [], \"multistep\": [], \"operations\": []}",
    "null" : false
  },
  "input_config_json" : {
    "type" : "jsonb",
    "value" : "{\"crossRef\": [], \"services\": [], \"multistep\": [], \"operations\": [{\"map\": {\"id\": \"6b08114c-fc52-4b94-b161-de75879cba7f\", \"root\": false, \"type\": \"map\", \"cached\": false, \"source\": \"/HTTPSPostOutput/response\", \"target\": \"/jsonString\", \"mapNull\": false, \"disabled\": false, \"extractXml\": false, \"extractJson\": false, \"targetOrder\": 1.0, \"mapEmptyString\": false, \"sourceJavaType\": \"java.lang.Object\", \"targetJavaType\": \"java.lang.String\"}}]}",
    "null" : false
  },
  "output_config_json" : {
    "type" : "jsonb",
    "value" : "{\"crossRef\": [], \"services\": [], \"multistep\": [], \"operations\": [{\"map\": {\"id\": \"5d8cd563-9b66-49c0-ba8c-a52faeeed670\", \"root\": true, \"type\": \"map\", \"cached\": false, \"source\": \"/DCR_Ouptut\", \"target\": \"/DCR_Ouptut\", \"mapNull\": false, \"disabled\": false, \"extractXml\": false, \"extractJson\": false, \"targetOrder\": 0.0, \"mapEmptyString\": false}}, {\"map\": {\"id\": \"31d9f6d3-d447-4642-99f9-c040a35b9c57\", \"root\": false, \"type\": \"map\", \"cached\": false, \"source\": \"/isValid\", \"target\": \"/isValid\", \"mapNull\": false, \"disabled\": false, \"extractXml\": false, \"extractJson\": false, \"targetOrder\": 1.0, \"mapEmptyString\": false, \"sourceJavaType\": \"java.lang.Boolean\", \"targetJavaType\": \"java.lang.Boolean\"}}, {\"map\": {\"id\": \"ea165cd3-501e-4ccf-a0f9-f80a9d85db68\", \"root\": true, \"type\": \"map\", \"cached\": false, \"source\": \"/Error\", \"target\": \"/Error\", \"mapNull\": false, \"disabled\": false, \"extractXml\": false, \"extractJson\": false, \"targetOrder\": 1.0, \"mapEmptyString\": false}}, {\"map\": {\"id\": \"e21c7c33-ca2e-472c-b14c-cff21e2114fe\", \"root\": false, \"type\": \"map\", \"cached\": false, \"source\": \"/DCR_Ouptut/client_id\", \"target\": \"/cred-prov-flow-keycloak-serviceOutput/CredentialProvisioningInvokeOutput/client_id\", \"mapNull\": false, \"disabled\": false, \"extractXml\": false, \"extractJson\": false, \"targetOrder\": 3.0, \"mapEmptyString\": false, \"sourceJavaType\": \"java.lang.String\", \"targetJavaType\": \"java.lang.String\"}}, {\"map\": {\"id\": \"01425bd8-e3a3-475e-acc5-87c80631f2c7\", \"root\": false, \"type\": \"map\", \"cached\": false, \"source\": \"/DCR_Ouptut/client_secret\", \"target\": \"/cred-prov-flow-keycloak-serviceOutput/CredentialProvisioningInvokeOutput/client_secret\", \"mapNull\": false, \"disabled\": false, \"extractXml\": false, \"extractJson\": false, \"targetOrder\": 4.0, \"mapEmptyString\": false, \"sourceJavaType\": \"java.lang.String\", \"targetJavaType\": \"java.lang.String\"}}, {\"map\": {\"id\": \"8f2c8505-53f2-4973-aa0e-31cbb3e85880\", \"root\": false, \"type\": \"map\", \"cached\": false, \"source\": \"/DCR_Ouptut/client_id_issued_at\", \"target\": \"/cred-prov-flow-keycloak-serviceOutput/CredentialProvisioningInvokeOutput/client_id_issued_at\", \"mapNull\": false, \"disabled\": false, \"extractXml\": false, \"extractJson\": false, \"targetOrder\": 5.0, \"mapEmptyString\": false, \"sourceJavaType\": \"java.lang.String\", \"targetJavaType\": \"java.lang.String\"}}, {\"map\": {\"id\": \"7fc1d5b0-7e46-4477-af37-829f1390575f\", \"root\": false, \"type\": \"map\", \"cached\": false, \"source\": \"/DCR_Ouptut/client_secret_expires_at\", \"target\": \"/cred-prov-flow-keycloak-serviceOutput/CredentialProvisioningInvokeOutput/client_secret_expires_at\", \"mapNull\": false, \"disabled\": false, \"extractXml\": false, \"extractJson\": false, \"targetOrder\": 6.0, \"mapEmptyString\": false, \"sourceJavaType\": \"java.lang.String\", \"targetJavaType\": \"java.lang.String\"}}]}",
    "null" : false
  },
  "component_id" : "4c7b3568-6fa9-42c6-8bba-8e9e3933d6ed",
  "service_id" : "f66dcfa0-ac69-430d-b409-59f570b47d60",
  "endpoint_id" : null,
  "parent_component_config_id" : null,
  "component_config_order" : 3.0,
  "action_id" : "42bc8a52-bd1d-40f7-8f58-f813690561e1",
  "name" : "Parse response and set output",
  "description" : "",
  "override_endpoint" : false,
  "input_structure_json" : {
    "type" : "jsonb",
    "value" : "{\"maps\": [{\"/jsonString\": [{\"type\": \"map\", \"source\": {\"path\": \"/HTTPSPostOutput/response\", \"title\": \"response\", \"dataElementType\": \"object\"}, \"target\": {\"path\": \"/jsonString\", \"order\": 1, \"title\": \"jsonString\", \"dataElementType\": \"string\"}, \"mapCondition\": {\"isConditionSet\": false, \"sourceTreeIndex\": [], \"targetTreeIndex\": [], \"mapConditionFormValue\": {}}}]}], \"mappedNodes\": [\"/isValid\", \"/isValidpipeOut\", \"/Error\", \"/ErrorpipeOut\", \"/DCR_OuptutactionOut\", \"/DCR_OuptutpipeOut\", \"/HTTPSPostOutput/response pipeIn\", \"/jsonString actionIn\", \"/DCR_Ouptut/client_id\", \"/cred-prov-flow-keycloak-serviceOutput/CredentialProvisioningInvokeOutput/client_idpipeOut\", \"/DCR_Ouptut/client_secret\", \"/cred-prov-flow-keycloak-serviceOutput/CredentialProvisioningInvokeOutput/client_secretpipeOut\", \"/DCR_Ouptut/client_id_issued_at\", \"/cred-prov-flow-keycloak-serviceOutput/CredentialProvisioningInvokeOutput/client_id_issued_atpipeOut\", \"/DCR_Ouptut/client_secret_expires_at\", \"/cred-prov-flow-keycloak-serviceOutput/CredentialProvisioningInvokeOutput/client_secret_expires_atpipeOut\"]}",
    "null" : false
  },
  "output_structure_json" : {
    "type" : "jsonb",
    "value" : "{\"maps\": [{\"/DCR_Ouptut\": [{\"type\": \"map\", \"source\": {\"path\": \"/DCR_Ouptut\", \"title\": \"DCR_Ouptut\", \"dataElementType\": \"document\"}, \"target\": {\"path\": \"/DCR_Ouptut\", \"order\": 0, \"title\": \"DCR_Ouptut\", \"dataElementType\": \"document\"}, \"mapCondition\": {\"isConditionSet\": false, \"sourceTreeIndex\": [], \"targetTreeIndex\": [], \"mapConditionFormValue\": {}}}]}, {\"/isValid\": [{\"type\": \"map\", \"source\": {\"path\": \"/isValid\", \"title\": \"isValid\", \"dataElementType\": \"boolean\"}, \"target\": {\"path\": \"/isValid\", \"order\": 1, \"title\": \"isValid\", \"dataElementType\": \"boolean\"}, \"mapCondition\": {\"isConditionSet\": false, \"sourceTreeIndex\": [], \"targetTreeIndex\": [], \"mapConditionFormValue\": {}}}]}, {\"/Error\": [{\"type\": \"map\", \"source\": {\"path\": \"/Error\", \"title\": \"Error\", \"dataElementType\": \"document\"}, \"target\": {\"path\": \"/Error\", \"order\": 1, \"title\": \"Error\", \"dataElementType\": \"document\"}, \"mapCondition\": {\"isConditionSet\": false, \"sourceTreeIndex\": [], \"targetTreeIndex\": [], \"mapConditionFormValue\": {}}}]}, {\"/cred-prov-flow-keycloak-serviceOutput/CredentialProvisioningInvokeOutput/client_id\": [{\"type\": \"map\", \"source\": {\"path\": \"/DCR_Ouptut/client_id\", \"title\": \"client_id\", \"dataElementType\": \"string\"}, \"target\": {\"path\": \"/cred-prov-flow-keycloak-serviceOutput/CredentialProvisioningInvokeOutput/client_id\", \"order\": 3, \"title\": \"client_id\", \"dataElementType\": \"string\"}, \"mapCondition\": {\"isConditionSet\": false, \"sourceTreeIndex\": [], \"targetTreeIndex\": [], \"mapConditionFormValue\": {}}}]}, {\"/cred-prov-flow-keycloak-serviceOutput/CredentialProvisioningInvokeOutput/client_secret\": [{\"type\": \"map\", \"source\": {\"path\": \"/DCR_Ouptut/client_secret\", \"title\": \"client_secret\", \"dataElementType\": \"string\"}, \"target\": {\"path\": \"/cred-prov-flow-keycloak-serviceOutput/CredentialProvisioningInvokeOutput/client_secret\", \"order\": 4, \"title\": \"client_secret\", \"dataElementType\": \"string\"}, \"mapCondition\": {\"isConditionSet\": false, \"sourceTreeIndex\": [], \"targetTreeIndex\": [], \"mapConditionFormValue\": {}}}]}, {\"/cred-prov-flow-keycloak-serviceOutput/CredentialProvisioningInvokeOutput/client_id_issued_at\": [{\"type\": \"map\", \"source\": {\"path\": \"/DCR_Ouptut/client_id_issued_at\", \"title\": \"client_id_issued_at\", \"dataElementType\": \"string\"}, \"target\": {\"path\": \"/cred-prov-flow-keycloak-serviceOutput/CredentialProvisioningInvokeOutput/client_id_issued_at\", \"order\": 5, \"title\": \"client_id_issued_at\", \"dataElementType\": \"string\"}, \"mapCondition\": {\"isConditionSet\": false, \"sourceTreeIndex\": [], \"targetTreeIndex\": [], \"mapConditionFormValue\": {}}}]}, {\"/cred-prov-flow-keycloak-serviceOutput/CredentialProvisioningInvokeOutput/client_secret_expires_at\": [{\"type\": \"map\", \"source\": {\"path\": \"/DCR_Ouptut/client_secret_expires_at\", \"title\": \"client_secret_expires_at\", \"dataElementType\": \"string\"}, \"target\": {\"path\": \"/cred-prov-flow-keycloak-serviceOutput/CredentialProvisioningInvokeOutput/client_secret_expires_at\", \"order\": 6, \"title\": \"client_secret_expires_at\", \"dataElementType\": \"string\"}, \"mapCondition\": {\"isConditionSet\": false, \"sourceTreeIndex\": [], \"targetTreeIndex\": [], \"mapConditionFormValue\": {}}}]}], \"tracks\": {}, \"transformer\": []}",
    "null" : false
  },
  "endpoint_structure_json" : {
    "type" : "jsonb",
    "value" : "{\"maps\": []}",
    "null" : false
  },
  "is_error" : false,
  "no_of_errors" : 0,
  "action_input_type" : null,
  "config_service_id" : null,
  "config_imap_id" : null,
  "config_b2b_document_type_id" : "287b6d4a-47f6-4479-ada5-2fc45f4184f3",
  "config_document_id" : null,
  "add_variables" : {
    "type" : "jsonb",
    "value" : "[]",
    "null" : false
  },
  "drop_variables" : {
    "type" : "jsonb",
    "value" : "[]",
    "null" : false
  },
  "plug_input_structure" : null,
  "plug_output_structure" : null,
  "config_plug_id" : null,
  "override_plug" : false,
  "config_java_service_id" : null,
  "service_tag" : "V3",
  "endpoint_tag" : null,
  "config_service_tag" : "",
  "config_imap_tag" : "",
  "config_b2b_document_type_tag" : "EMPTY",
  "active" : false,
  "parent_component_config_service_tag" : "V3",
  "service_project_id" : "faa90347-bede-4098-a19b-1861de5ba167",
  "service_project_tag" : "V3",
  "config_service_project_id" : null,
  "config_service_project_tag" : "",
  "config_imap_project_id" : null,
  "config_imap_project_tag" : "",
  "config_b2b_document_type_project_id" : "faa90347-bede-4098-a19b-1861de5ba167",
  "config_b2b_document_type_project_tag" : "EMPTY",
  "endpoint_project_id" : null,
  "endpoint_project_tag" : null,
  "config_plug_tag" : null,
  "config_plug_project_id" : null,
  "config_plug_project_tag" : null,
  "config_java_service_tag" : "",
  "config_java_service_project_id" : null,
  "config_java_service_project_tag" : "",
  "disabled" : false,
  "config" : null,
  "config_b2b_document_type_project_mode_id" : "112c1cb8-4b9e-4d1a-a042-0bd031dc7d05",
  "config_imap_project_mode_id" : "112c1cb8-4b9e-4d1a-a042-0bd031dc7d05",
  "config_java_service_project_mode_id" : "112c1cb8-4b9e-4d1a-a042-0bd031dc7d05",
  "config_plug_project_mode_id" : "112c1cb8-4b9e-4d1a-a042-0bd031dc7d05",
  "config_service_project_mode_id" : "112c1cb8-4b9e-4d1a-a042-0bd031dc7d05",
  "endpoint_project_mode_id" : "112c1cb8-4b9e-4d1a-a042-0bd031dc7d05",
  "service_project_mode_id" : "112c1cb8-4b9e-4d1a-a042-0bd031dc7d05",
  "parent_component_config_service_project_mode_id" : "112c1cb8-4b9e-4d1a-a042-0bd031dc7d05",
  "is_audit" : true,
  "keys_with_order" : null
}